Time,Value
0.0,-99.99499957446808
374.7910444625807,-99.99499957446808
383.60102995490035,-10.888890000000174
383.87957501580985,-10.888890000000124
393.99999999999517,16.11475363627915
393.99999999999596,16.11475363627912
396.76638258044363,99.6225759993722
405.75028644784896,99.62257599937188
407.9999999999811,67.55405666636125
408.00000000077216,67.55405666636099
415.0,64.6783773317396
415.0,64.6783773317396
415.00001,
595.99999,
596.0,64.6783773317396
