Time,Value
0.0,-99.99499957446808
374.4032601623162,-99.99499957446808
385.9999999999997,5.267629102610954
393.4760715298604,5.267629102610992
396.8044086655474,99.95129857140999
402.5682182087581,99.95129857141029
415.0,56.00579011020295
415.0,56.00579011020295
415.00001,
595.99999,
596.0,56.00579011020295
