Time,Value
0.0,-99.53765170103092
386.4744029064207,-99.53765170103092
393.6230803459425,99.5510108064409
454.38250357207147,99.5510108064406
459.64114435260063,-99.98057722688101
578.0,-99.98057722688179
