Time,Value
0.0,-100.0
378.9193459074533,-100.0
388.9999999998899,-51.77944500156991
388.99999999993486,-51.77944500157006
392.9184201319876,99.53524380933412
454.38291911016165,99.53524380933372
459.6411443525972,-99.98057722688101
578.0,-99.98057722688179
