Time,Value
0.0,-99.1163876
23.0,-99.1163876
23.00001,
35.77968205586561,
38.99999,
39.0,-94.57562428648069
43.999999999994834,-87.52544571360819
43.99999999999631,-87.52544571360819
45.98816587529312,-23.53333000004591
45.999999999982855,-23.533330000045986
48.90377806697039,99.99932304666004
619.0,99.99932304665995
