Time,Value
0.0,-94.33028008064514
122.59947501743969,-94.33028008064514
124.94394210332598,-74.06114300013589
133.7362083527585,-74.06114300013594
138.7571235492401,99.79377525950531
619.0,99.79377525950493
