Time,Value
0.0,-100.0
14.828619783124516,-100.0
31.839081183812947,-92.98206521754202
122.7554187736287,-92.98206521754202
124.94394210333158,-74.06114300013589
133.7362083527585,-74.06114300013594
138.7571235492401,99.79377525950531
619.0,99.79377525950493
