Time,Value
0.0,-97.684761
23.0,-97.684761
23.00001,
38.99999,
39.0,-97.684761
43.549287860194426,-97.684761
45.99999999999722,-23.836851666703296
45.99999999999818,-23.83685166670321
48.90203913646744,99.99932304666186
619.0,99.9993230466618
