Time,Value
0.0,
0.0,-98.70444379746836
1e-05,
150.99999,
151.0,-98.70444379746836
227.22142676594413,-98.70444379746836
230.0,-94.86714902591028
230.00001,
234.99999,
235.0,-87.96199582619272
235.99999999957103,-86.58096518684164
235.9999999999061,-86.58096518684162
237.84929984815238,-3.790790000000925
238.8708159565609,-3.7907900000000954
239.99999956724548,-68.46988521215462
239.9999995672487,-68.46988521215378
241.7633363418644,-86.99845391519693
619.0,-86.99845391519683
