Time,Value
0.0,-97.684761
23.0,-97.684761
23.00001,
38.99999,
39.0,-97.684761
43.626454748777896,-97.684761
49.42269531072855,100.00000000009231
619.0,100.0000000000922
