Time,Value
0.0,-100.0
14.828619783124516,-100.0
31.839081183812947,-92.98206521754202
122.7554187736287,-92.98206521754202
124.94394210333158,-74.06114300013589
133.65510211369386,-74.06114300013594
135.99999999999994,-3.0383716666847254
135.99999999999994,-3.0383716666845113
137.99285304604808,90.23910999960935
137.99998528746158,90.23910999960951
138.9999999998937,95.13375999954327
140.72381179316793,95.1337599995433
177.14579313402047,100.00000000057696
619.0,100.00000000057696
