Time,Value
0.0,-99.6469387755102
47.74636358257205,-99.6469387755102
49.999999999992724,46.026778332839505
49.99999999999275,46.02677833283971
52.623458862334545,99.99482382750979
260.73003141750644,99.99482382750973
268.7748207759129,-99.63518408332129
387.2576002793482,-99.63518408332115
392.7161496594751,98.65201363603228
402.44570825418486,98.6520136360326
410.81805859808065,-99.79366364793896
631.8703086192053,-99.79366364793924
640.733168004414,98.39696999971966
650.1213445215625,98.396969999717
655.7310479326385,76.95000000011851
655.9916737882337,76.95000000011841
662.8322394363387,-31.27472999999009
662.9473684203338,-31.27472999999042
663.0,-31.624687697051957
663.00001,
671.99999,
672.0,-91.4674530772084
672.8902368639402,-97.38681260849079
695.0,-97.38681260849071
