Time,Value
0.0,-99.99961333333331
544.4106201460081,-99.99961333333331
606.9999999953602,-99.40758665408741
606.9999999953609,-99.40758665408741
607.9999988104212,-79.21669401292456
607.9999997718139,-79.21669401292198
608.999998778512,-64.35001815860414
608.9999987788487,-64.35001815860412
611.0,-48.14999829782482
611.0,-48.14999829782482
611.00001,
694.99999,
695.0,-48.14999829782482
