Time,Value
0.0,-99.94692737789202
387.24585782641543,-99.94692737789202
392.69029437198054,97.86434363612172
402.4498182823961,97.86434363612105
407.9484436789778,-99.94594626412982
671.6359039757973,-99.94594626413065
674.9593645267611,5.739849999994477
676.7338808037872,5.739849999996159
677.9948477218599,22.622746920687863
689.6732374294852,22.622746920687533
691.9538912131753,-48.712499999895954
695.0,-48.71249999989521
