Time,Value
0.0,-99.96934739591866
461.9976564429178,-99.99410098823401
468.85039857087685,-99.99410098823401
474.9999983513772,-98.75974464683786
474.9999983643637,-98.75974464683786
475.99999282979934,-95.0000269525658
482.8851214409154,-95.00002695256573
484.88511066685135,-99.99999999878423
544.0,-99.99999999878423
