Time,Value
0.0,
0.0,-100.00000000000004
1e-05,
164.0268185264349,
164.99999,
165.0,30.00963462689393
620.0,30.009634626893934
