Time,Value
0.0,
0.0,-100.0
1e-05,
218.09210525848343,
220.99999,
221.0,-71.8750000006028
221.962112253374,-71.8750000006028
228.8267098633696,-99.91767638542764
476.28181690091066,-99.91767638542758
487.0,-91.2223145450983
487.0,-91.2223145450983
487.00001,
619.99999,
620.0,-91.2223145450983
