Time,Value
0.0,
0.0,-100.00000000000004
1e-05,
164.96871735690294,
164.99999,
165.0,30.75619499979365
165.66565318428502,30.75619499979364
174.92153073399098,30.00001112250971
620.0,30.00001112250971
