Time,Value
0.0,-99.87616785046728
105.36113673142896,-99.87616785046728
110.0,4.960587999973541
134.633537297521,4.960587999973714
136.96932521788474,26.986507499950676
159.981155358389,26.98650749995058
162.83837383460732,-0.1813886666666349
176.4065575021885,-0.18138866666663644
177.999999999999,-6.999999999983061
183.66642679582347,-6.999999999983072
199.65499471716927,-99.99999999978672
285.9254890398684,-99.99999999978664
706.0,-99.90541395524951
