Time,Value
0.0,-99.87983841121495
105.2569944653382,-99.87983841121495
106.9999976591458,-70.00004012807926
130.97801613646484,-70.00004012807916
132.9780276220049,-63.000000000870045
176.93949523776186,-63.000000000870095
178.94711409509893,-70.02666599917097
182.11827666840702,-70.02666599917103
186.5623192445013,-99.999999999995
204.5,-99.99999999999504
706.0,-99.99999999999504
