Time,Value
0.0,-99.96309523809524
103.21756588698236,-99.96309523809524
105.90682326311334,-84.98810000009792
105.99999361574625,-84.98810000009786
106.99999999842002,-76.00000001415106
138.99048337127107,-76.0000000141511
139.99999999899597,-67.32059000862091
140.5,-67.32059000862094
140.98480025339657,-67.00974577378926
198.99151174432768,-67.00974577378926
200.9999999998651,-97.56387332541499
201.5,-97.56387332541519
201.99996496397466,-97.99996943970956
706.0,-97.99996943970955
