Time,Value
0.0,-100.0
101.41530162049142,-100.0
111.99999999984055,-70.03923181868299
199.3075497081558,-70.03923181868298
200.9999977101975,-97.99996217146872
706.0,-97.99996217146878
