Time,Value
0.0,-99.82105099502488
199.60873844117214,-99.82105099502488
203.93357652891697,99.18896419036899
308.0,99.18896419036852
308.0,99.18896419036852
308.00001,
709.99999,
710.0,99.18896419036852
