Time,Value
0.0,-99.82016303030304
196.33505412715863,-99.82016303030304
204.999999999997,56.112007777758656
204.999999999997,56.11200777775856
210.85407310582985,94.44851499752485
215.99999998611625,94.44851499752487
216.0,94.44851499120539
216.00001,
542.0092618898753,
575.99999,
576.0,-53.941360714284194
588.5689494777355,-53.9413607142842
611.572435396869,95.98429292919808
710.0,95.98429292919829
