Time,Value
0.0,-100.0
218.3472199265933,-100.0
223.8748073018687,-74.84000000010076
226.71223413130681,-74.84000000010079
228.98159297072758,-20.682625000005828
233.7283899355894,-20.682625000006148
237.65662768374509,-98.57233980390902
287.9999999987565,-98.57233980390889
329.00000001799634,-100.561047600854
533.0,-100.561047600854
