Time,Value
0.0,-99.99977272727271
218.92480121639667,-99.99977272727271
225.0,-66.95684735807357
225.00001,
227.99999,
228.0,-50.63988726532051
228.99999999997382,-45.200900567878534
230.0,-45.20090056787852
230.00001,
231.99999,
232.0,-45.2009005678785
234.59585327009108,-45.20090056787846
235.0,-45.57759930338264
235.00001,
288.99999,
289.0,-95.91013996704208
292.31500138204615,-99.00000000152218
533.0,-99.00000000152215
