Time,Value
0.0,-82.34833333333334
0.0,
1e-05,
225.99999,
226.0,-82.34833333333334
226.0,-82.34833333333334
226.00001,
227.99999,
227.99999999997365,-82.34833333333334
228.0,-82.34833333336084
228.0,-82.34833333336084
228.00001,
242.99993989910567,
242.99999,
243.0,-97.9999372880935
243.0,-97.9999372880935
243.00001,
245.99999,
246.0,-97.9999372880935
533.0,-97.9999372880935
