Time,Value
0.0,-100.0
218.3472199265933,-100.0
223.8748073018687,-74.84000000010076
226.71223413130681,-74.84000000010079
228.98159297072758,-20.682625000005828
233.7283899355894,-20.682625000006148
237.727793898382,-99.98343468082749
283.95195630695844,-99.98343468082778
284.999999999977,-83.3607699999402
289.86090360108886,-83.36076999994006
290.9999999992123,-99.8471399886348
291.0000003851123,-99.84713998863506
533.0,-100.07595724352166
