Time,Value
0.0,-100.0
218.3472199265933,-100.0
223.8748073018687,-74.84000000010076
226.71223413130681,-74.84000000010079
228.98159297072758,-20.682625000005828
233.7283899355894,-20.682625000006148
237.6738119634578,-98.91307239998514
286.9999856801716,-98.91307239998528
533.0,-100.53523518247972
