Time,Value
0.0,
0.0,-100.00192743552998
1e-05,
210.99999,
211.0,83.5803408800655
215.99999999982282,87.9306315982904
215.999999999838,87.93063159829039
220.6902134197957,99.98228984488114
348.00029264691847,99.98228984488114
548.0,100.00878886872937
