Time,Value
0.0,-94.25
0.0,
1e-05,
17.306628201013098,
17.99999,
18.0,-92.62350889343732
22.0,-83.24042692247069
22.00001,
46.56839719308106,
95.99999,
96.0,-25.60860573298414
96.0,-25.60860573298414
96.00001,
162.99999,
163.0,-25.60860573298414
165.0,-25.60860573298414
165.00001,
170.99999,
171.0,-25.60860573298414
548.0,-25.60860573298414
