Time,Value
0.0,
0.0,-100.0
1e-05,
299.47370948287994,
343.99999,
344.0,58.42032999993551
344.31788451245023,58.42032999993551
347.837063999782,-98.11788696419173
402.0000000000022,-98.1178869641937
411.84153752203537,92.53055666663477
415.0,92.53055666663477
415.00001,
467.99999,
468.0,92.53055666663477
468.7526058378243,92.53055666663477
475.5586076271877,-99.99999999999636
547.5,-99.99999999999555
548.0,-99.99999999999555
