Time,Value
0.0,
0.0,-100.00192743552998
1e-05,
210.99999,
211.0,83.5803408800655
215.99999999982282,87.9306315982904
215.999999999838,87.93063159829039
220.69439506705243,99.9930347255791
548.0,99.9930347255791
