Time,Value
0.0,-99.99376891379309
578.438174084028,-99.99376891379309
588.9999999999259,-70.10047363660306
588.9999999999908,-70.10047363660304
591.8091389737858,-89.11666666662312
593.9759969819344,-89.11666666662317
594.9999999999727,-99.07099999945605
606.0,-99.07099999945568
