Time,Value
0.0,-99.99376891379309
578.438174084028,-99.99376891379309
588.5011981640664,-71.5122400000032
589.000000000154,-71.51224000000306
595.5514317500123,-99.96702999999296
606.0,-99.96702999999322
