Time,Value
0.0,-99.99564578767124
582.4925444516829,-99.99564578767124
583.9999999998797,-92.45471999931169
584.00000000207,-92.45471999931226
585.8724318845324,-91.00105001638777
587.9999999335873,-91.00105001638771
588.0,-91.00105005146234
588.00001,
603.99999,
604.0,-99.45115725285386
606.0,-100.50742065302781
