Time,Value
0.0,-100.0
581.9930855306686,-100.0
584.8525518071746,-91.06321000511093
587.9999999408692,-91.06321000511093
588.0,-91.06321003813841
588.00001,
603.9999170239033,
603.99999,
604.0,-99.99995365376915
606.0,-99.99995365376915
