Time,Value
0.0,-99.91194418960244
325.63414446395785,-99.91194418960244
337.81489573506605,99.99999999997637
400.0148381726223,99.9999999999761
411.9701298158234,-34.433889090827506
432.541688374103,-34.433889090827954
435.8628298360232,-99.99999999875037
577.5,-99.99999999875023
578.0,-99.99999999875023
