Time,Value
0.0,-100.0
1.4500465563308882,-100.0
29.971310358077606,-100.0
34.99999999962227,-87.04738714584805
37.24599210498342,-87.04738714584805
43.6388978835821,-99.9924345733595
335.86741229273287,-99.9924345733595
337.95483196494837,-76.50112500034675
338.54941538940136,-76.50112500034666
341.81899908591214,-99.68253226115758
424.5079476767785,-99.68253226115776
425.9999995617295,-45.91208579388877
425.9999999999901,-45.9120857938888
431.69909967308604,-99.00048676469123
464.92921257892755,-99.00048676469143
466.9457041008016,-88.480390001881
469.8784980020537,-88.48039000188089
472.7024724282703,-39.32970250000835
475.7094815670648,-39.329702500008715
477.99999999998045,-79.9945016658603
477.9999999999808,-79.99450166585952
481.5951300693197,-99.9999999997267
521.9999966327314,-99.99999999972687
522.9999988063224,-80.92702276825548
522.99999880635,-80.92702276825513
524.8863472394718,-99.99999999943338
702.0,-99.99999999943348
