Time,Value
0.0,-100.0
282.87759244441713,-100.0
284.87259244436433,-85.03750000060836
285.99724095716334,-85.03750000060833
286.9999999999793,-98.66666999959624
287.5,-98.6666699995967
287.99998466209735,-99.99995909902842
622.9777861680068,-99.99995909902829
624.977777997958,-90.00000002136903
624.9777779980933,-90.00000002136913
626.8300729225052,-98.55489499981512
627.0000000583519,-98.5548949998149
716.0,-100.1255826598788
