Time,Value
0.0,-99.99844534979421
241.90925084133565,-99.99844534979421
242.99998845175705,-96.27781939212002
242.99998845235768,-96.27781939211997
244.9729146267677,-99.99999993849082
282.8509372324532,-99.99999993849079
284.8417705555168,-88.05500000025427
285.9949102678492,-88.05500000025438
286.99999999997834,-98.91606999954456
287.5,-98.91606999954516
287.99998743961174,-99.99997277083672
716.0,-99.99997277083669
