Time,Value
0.0,-99.79262846153844
11.694709382528643,-99.79262846153844
13.880408978654096,-43.03815168111271
590.0,-43.03815168111269
