Time,Value
0.0,-144.21484316923082
23.672713249556967,55.93029469597093
203.6819734190987,55.930294695970936
206.76134140975404,-47.40599080951507
415.31690660942536,-47.405990809515345
418.8351338544368,99.96162790695963
590.0,99.96162790695887
