Time,Value
0.0,-99.75863230769232
11.769340598065154,-99.75863230769232
18.929748970154915,55.932168494606685
203.68191758086888,55.93216849460666
206.7613414097522,-47.40599080951507
415.31690660942536,-47.405990809515345
418.8351338544368,99.96162790695963
590.0,99.96162790695887
