Time,Value
0.0,-100.0
81.90833331464479,-100.0
83.90367865482172,-96.00930936176334
411.23526861312683,-96.00930936176334
421.9753199510489,-99.98528440699327
683.0,-99.98528440699327
