Time,Value
0.0,-100.0
14.828619783124516,-100.0
31.839081183812947,-92.98206521754202
122.7554187736287,-92.98206521754202
124.94394210333158,-74.06114300013589
133.7362083527585,-74.06114300013594
138.62990061552264,95.38853599999676
142.99999686347476,95.38853599999659
176.88500057132217,99.99999999920506
619.0,99.99999999920506
