Time,Value
0.0,-101.83520336032385
36.802284576029294,-92.981034495076
122.75553799404396,-92.981034495076
124.94394210333004,-74.06114300013589
133.7362083527585,-74.06114300013594
138.62990061552264,95.38853599999676
142.99999686347476,95.38853599999659
176.88500057132217,99.99999999920506
619.0,99.99999999920506
