Time,Value
0.0,-100.0
14.828619783124516,-100.0
31.839081183812947,-92.98206521754202
122.7554187736287,-92.98206521754202
124.94394210333158,-74.06114300013589
133.65510211369386,-74.06114300013594
135.99999999999994,-3.0383716666847254
135.99999999999994,-3.0383716666845113
137.999999999979,90.57363033244565
138.00000000006509,90.57363033244604
164.99999993995212,99.96418762725023
619.0,99.96418762725023
