Time,Value
0.0,-101.83520336032385
36.802284576029294,-92.981034495076
122.75553799404396,-92.981034495076
124.94394210333004,-74.06114300013589
133.7362083527585,-74.06114300013594
138.7571235492401,99.79377525950531
619.0,99.79377525950493
