Time,Value
0.0,-101.83520336032385
36.802284576029294,-92.981034495076
122.75553799404396,-92.981034495076
124.94394210333004,-74.06114300013589
133.65510211369386,-74.06114300013594
135.99999999999994,-3.0383716666847254
135.99999999999994,-3.0383716666845113
137.99285304604808,90.23910999960935
137.99998528746158,90.23910999960951
138.9999999998937,95.13375999954327
140.72381179316793,95.1337599995433
177.14579313402047,100.00000000057696
619.0,100.00000000057696
