Time,Value
0.0,-101.83520336032385
36.802284576029294,-92.981034495076
122.75553799404396,-92.981034495076
124.94394210333004,-74.06114300013589
133.65510211369386,-74.06114300013594
135.99999999999994,-3.0383716666847254
135.99999999999994,-3.0383716666845113
137.999999999979,90.57363033244565
138.00000000006509,90.57363033244604
164.99999993995212,99.96418762725023
619.0,99.96418762725023
