Time,Value
0.0,-100.0
72.99999046402195,-100.0
73.99999641954219,-91.42472070317673
73.9999993974949,-91.42472070317673
74.99999621317383,-84.94200454861834
74.99999929203852,-84.94200454861827
75.9999999996339,-98.99883999510416
76.5,-98.99883999510408
76.99999999909527,-99.64188999883642
77.00000000472444,-99.64188999883645
79.87060664400532,-99.99988745570809
91.0,-99.99988745570809
