Time,Value
0.0,-100.0
72.99999046402195,-100.0
73.99999641954219,-91.42472070317673
73.9999993974949,-91.42472070317673
74.99999621317383,-84.94200454861834
74.99999929203852,-84.94200454861827
75.9999999996339,-98.99883999510416
76.00000003981461,-98.99883999510408
77.9999999731028,-99.87861199452074
79.00000061475187,-99.87861199452074
91.0,-100.05338585295654
