Time,Value
0.0,-100.0
72.95367695453564,-100.0
74.95367695527969,-84.94198000124038
74.99999671711143,-84.94198000124041
75.9999999996339,-98.99883999485577
76.0000000398146,-98.99883999485569
77.9999999731028,-99.8786119945708
79.00000061475177,-99.8786119945708
91.0,-100.05338585293505
