Time,Value
0.0,-99.81660285714285
5.809282703566352,-99.81660285714285
14.762872010437073,-84.00000000464678
28.895132380237268,-84.00000000464678
30.895132380940623,-70.00000000012363
34.844053035569104,-70.00000000012365
37.61382855263964,-76.99783783763209
73.99150241719893,-76.99783783763209
74.96703729930208,-68.06193833770203
79.34241014993337,-68.06193833770203
81.75780013044303,-88.99999999977547
91.0,-88.99999999977551
