Time,Value
0.0,-101.83632344680842
92.99999999958716,-96.10521868087645
92.99999999958729,-96.10521868087645
97.8873414477819,97.24375296697235
187.64919659316163,97.24375296697212
192.77064400345557,-99.999871015797
635.0,-99.99987101579664
