Time,Value
0.0,-154.1305806368521
110.99999999981146,48.654636886507575
130.71007458475395,48.654636886507575
152.84992201798045,-92.56131013967773
222.78636585091016,-92.56131013967779
239.83364135752635,91.95264749995522
278.835889829048,91.95264749995519
299.39919346441906,-99.00000000027106
367.97370998719515,-99.00000000027106
404.9999999999991,56.00517595069097
405.0,56.005175950690976
635.0,-150.3783259503218
