Time,Value
0.0,-98.97077106382976
92.52972434656981,-98.97077106382976
98.0,96.62795619044256
187.6651858086467,96.62795619044256
192.77064400345355,-99.999871015797
635.0,-99.99987101579664
