Time,Value
0.0,-99.49499235294118
15.721935806813411,-99.49499235294118
20.75514634150496,88.26486699989937
21.0,88.26486699989937
21.00001,
135.99999,
136.0,88.26486699989938
136.0,88.26486699989938
136.00001,
612.99999,
613.0,88.26486699989941
640.0,88.26486699989941
