Time,Value
0.0,-99.49499235294118
15.820982030476381,-99.49499235294118
18.893023860124668,22.711252499993066
21.0,22.711252499993066
21.00001,
135.99999,
135.99999999977817,22.711252499993105
136.0,22.711252500025633
136.0,22.711252500025633
136.00001,
612.99999,
613.0,92.65393182009629
640.0,96.61295140425123
