Time,Value
0.0,-100.0
1.0,-100.0
2.0,-100.0
3.0,-100.0
4.0,-100.0
5.0,-100.0
6.0,-100.0
7.0,-100.0
8.0,-100.0
9.0,-100.0
10.0,-100.0
11.0,-100.0
11.0,-100.0
11.00001,
639.99999,
640.0,-100.0
