Time,Value
0.0,-98.929152
8.601045633943452,-98.929152
12.583111697503318,99.92395796721041
316.8554890975609,99.92395796721041
342.44864665125266,-100.00000000001046
351.9723870211717,-100.0000000000103
378.0,-76.1439091077442
378.00001,
535.8128583177156,
548.99999,
549.0,68.50238999998213
554.5004910673446,68.50238999998213
558.7040747917487,-95.98841463412464
640.0,-95.9884146341262
