Time,Value
0.0,-99.98744939271256
245.6530955738692,-99.98744939271256
246.9750717495408,-88.22186142906139
259.79631416418493,-88.22186142906135
261.9999999999993,-99.6233683334492
301.022065318763,-99.62336833344912
410.99999939040435,-98.28976832595302
410.99999993053086,-98.28976832595302
524.0,-100.73561494764529
