Time,Value
0.0,-99.98744939271256
245.6530955738692,-99.98744939271256
246.9750717495408,-88.22186142906139
259.79631416418493,-88.22186142906135
261.90682039268773,-99.14127241993674
417.2518048582062,-99.14127241993685
420.93869493186895,-89.77506000826565
421.9333216357624,-89.77506000826564
424.59563934535936,-99.99999999992588
524.0,-99.99999999992582
