Time,Value
0.0,
0.0,-100.0
1e-05,
348.0170324346521,
365.99999,
366.0,64.65833499997463
366.78265917220637,64.65833499997463
373.59313585068105,-92.97792544836193
674.0,-92.97792544836256
