Time,Value
0.0,-99.98782534412956
245.6669618626373,-99.98782534412956
246.99999999989728,-88.00000000088177
252.7738448374514,-88.00000000088184
254.89773864298854,-76.0000000000673
254.99999699623245,-76.00000000006736
255.99999999999383,-88.31041999983972
256.4482222937773,-88.31041999983992
259.6363414458736,-99.99999999987257
340.945805158773,-99.99999999987246
342.7470665786374,-79.33498333335365
344.8464247995116,-79.33498333335379
347.79549925861227,-99.7469815485033
417.74927866358576,-99.74698154850347
421.99999999996214,-84.38700000032259
421.9999999999907,-84.38700000032259
423.9612367728538,-99.9963108863144
524.0,-99.99631088631438
