Time,Value
0.0,-99.98744939271255
245.65309557386917,-99.98744939271255
246.97507174954083,-88.22186142906139
259.79631416418493,-88.22186142906133
261.9999999999993,-99.6233683334492
301.94441022605736,-99.62336833344912
417.99999983506876,-98.18159371444747
417.99999983516716,-98.18159371444747
420.85575721525834,-89.77506000032963
421.93332163372725,-89.77506000032965
424.5956393453376,-99.99999999992588
524.0,-99.9999999999258
