Time,Value
0.0,-99.49499235294118
15.721935806813411,-99.49499235294118
20.79207229736921,89.64235999999426
20.99996824752133,89.64235999999431
21.0,89.6423097698593
21.00001,
135.9999814302081,
135.99999,
135.99999115322134,-92.27938062392715
136.0,-92.27937713259368
136.0,-92.27937713259368
136.00001,
609.6997666613478,
612.99999,
613.0,94.66368071387173
640.0,94.66368071387173
