Time,Value
0.0,-98.929152
8.601045633943452,-98.929152
12.579356997997186,99.73645889967385
320.6167076343557,99.7364588996738
327.6832568370137,-14.974199999998744
336.54276546453093,-14.974199999998605
338.90662396571105,-99.98738071425579
351.98615495191666,-99.98738071425493
378.0,-76.14390908468033
378.00001,
535.812858363288,
548.99999,
549.0,68.50238999998214
554.5004910673446,68.50238999998213
558.7040747917487,-95.98841463412464
640.0,-95.9884146341262
