Time,Value
0.0,-99.49499235294118
15.721935806813411,-99.49499235294118
20.79207229736921,89.64235999999426
20.99996824752133,89.64235999999431
21.0,89.6423097698593
21.00001,
135.9999814302081,
135.9999814304268,
135.99999,
136.0,-92.2793735488767
136.0,-92.2793735488767
136.00001,
612.99999,
613.0,89.45873239250344
640.0,99.74579499295895
