Time,Value
0.0,-100.0
1.5,-100.0
1.75,-100.0
11.0,-100.0
11.0,-100.0
11.00001,
639.99999,
640.0,-100.0
