Time,Value
0.0,-99.49499235294118
15.820982030476381,-99.49499235294118
18.893023860124668,22.711252499993066
21.0,22.711252499993066
21.00001,
135.99999,
135.99999999999778,22.711252499993105
136.0,22.711252499993446
136.0,22.711252499993446
136.00001,
604.5192779609803,
612.99999,
613.0,94.66368071350692
640.0,94.66368071350692
