Time,Value
0.0,-100.01032646185455
577.9999933355576,-99.9790280462783
577.9999933357983,-99.9790280462783
589.0000000000043,-72.12754364897091
589.0000000002477,-72.12754364897087
595.5966710389603,-99.96702999998388
606.0,-99.96702999998402
