Time,Value
0.0,-100.0
101.41530162049143,-100.0
111.99999999984057,-70.03923181868299
199.30754970815582,-70.03923181868298
200.99999771019748,-97.99996217146871
706.0,-97.99996217146877
