Time,Value
0.0,-99.96309523809522
103.08160089532228,-99.96309523809522
107.58219284004622,-75.99744312529742
138.99078076904073,-75.99744312529744
139.99999999988873,-67.32059000095046
199.14299177814686,-67.32059000095039
200.9999976788977,-97.99996165482708
201.5,-97.99996165482722
201.999013881196,-97.9999999243742
706.0,-97.9999999243742
