Time,Value
0.0,-99.99428571428572
103.73155468228113,-99.99428571428572
110.0,-72.4949989286451
132.48845354497266,-72.4949989286451
139.80848373048005,-31.102130566049595
191.89398537858693,-31.102130566049624
199.95280273771218,-97.99999999883812
199.97640136885607,-97.99999999883808
706.0,-97.99999999883808
