Time,Value
0.0,-99.96309523809522
103.46131996660452,-99.96309523809522
104.99999628571257,-89.0000264642606
104.99999937062924,-89.00002646426061
105.99998888407288,-84.98814459591347
105.99999806375092,-84.98814459591345
106.99999999841995,-76.0000000137235
138.9904833713277,-76.00000001372344
139.99999999899595,-67.32059000856293
140.5,-67.32059000856296
140.98480025339381,-67.00974577378925
198.9593462781886,-67.00974577378925
199.99999673207012,-81.4790745622049
199.9999993493536,-81.4790745622051
200.99999771021038,-97.99996217118223
706.0,-97.99996217118208
