Time,Value
0.0,-99.96309523809522
103.21756588698237,-99.96309523809522
105.90682326311335,-84.98810000009793
105.99999361574623,-84.98810000009786
106.99999999842001,-76.00000001415106
138.99048337127107,-76.0000000141511
139.9999999995892,-67.32059000352069
198.9999999994787,-67.32059000352078
200.99999999990717,-97.52752999632277
201.5,-97.52752999632256
201.9999725373425,-97.99997404943623
233.5176332977097,-97.9999740494362
706.0,-98.00003507834492
