Time,Value
0.0,-100.0
101.41530162049143,-100.0
111.99999999984057,-70.03923181868299
199.30754970815582,-70.03923181868298
200.99999839170673,-97.99997343060112
212.5150531434652,-97.99997343060123
706.0,-98.00003374067028
