Time,Value
0.0,-99.99428571428572
103.73155468228113,-99.99428571428572
110.0,-72.4949989286451
132.48845354497266,-72.4949989286451
139.82557456363006,-31.00548634616837
190.89664565701062,-31.00548634616835
194.72901791222455,-51.25311999989368
194.99999999991442,-51.253119999893705
199.58869788734435,-97.99999999959688
243.5,-97.99999999959695
706.0,-97.99999999959695
