Time,Value
0.0,-99.87983841121496
105.25699446533821,-99.87983841121496
106.99999765914579,-70.00004012807926
130.97801613646484,-70.00004012807916
132.83146610436555,-63.51296530731838
180.53500525583027,-63.51296530731841
186.73576639683483,-99.9999999999467
706.0,-99.9999999999466
