Time,Value
0.0,-100.0
81.90833331464479,-100.0
83.90367865482172,-96.00930936176334
411.23526861312683,-96.00930936176334
421.91395788725373,-99.96256812504105
523.0000066229552,-99.96256812504105
683.0,-100.01854102511335
