Time,Value
0.0,-99.98744939271256
245.6530955738692,-99.98744939271256
246.9750717495408,-88.22186142906139
259.79631416418493,-88.22186142906135
261.9999999999993,-99.6233683334492
301.9444102260574,-99.62336833344912
417.99999983506865,-98.18159371444749
417.9999998351671,-98.18159371444749
420.8557572152583,-89.77506000032963
421.93332163372725,-89.77506000032965
424.59563934533764,-99.99999999992588
524.0,-99.9999999999258
