Time,Value
0.0,-99.98744939271256
245.6530955738692,-99.98744939271256
246.9750717495408,-88.22186142906139
259.79631416418493,-88.22186142906135
261.9999999996756,-99.62336833177437
261.9999999997348,-99.62336833177449
268.9174058799159,-99.95961190483294
276.4735996967084,-99.95961190483294
417.99999982806645,-98.17267438130328
417.9999998282303,-98.17267438130328
418.9999890858894,-93.82342744533867
418.9999890861241,-93.8234274453386
421.79355149088946,-89.21278000043753
421.99999999791197,-89.21278000043749
423.9999999997782,-99.73964399655824
423.9999999997782,-99.73964399655807
524.0,-100.12823504650427
