Time,Value
0.0,-100.0
54.9999999690248,-100.0
55.0,-99.99999998094016
55.00001,
362.99999,
363.0,89.52027145405827
364.9999999999814,90.75092256726104
364.9999999999814,90.75092256726101
366.0,92.07704615652273
366.00001,
371.5974826955443,
371.99999,
372.0,99.49999999943027
375.99999999628477,99.49999999943027
376.0,99.49999998034039
376.00001,
412.99999,
413.0,-90.61628461750875
414.82623739928016,-99.99999999980015
600.0,-99.99999999980007
