Time,Value
0.0,-100.00642628707071
353.99999911882395,-99.98709281156893
353.9999991189027,-99.98709281156893
359.5772988429789,99.65906069766787
444.5788040825837,99.65906069766808
448.0,-98.61607499959793
549.4520889336419,-98.61607499959736
560.5119789610493,-43.33462000008649
560.9825638567437,-43.33462000008648
564.7824886878902,99.99999999990177
600.0,99.99999999990207
