Time,Value
0.0,-99.96873628289472
606.4891149217914,-99.96873628289472
610.7057850099252,-48.25000000005639
611.0,-48.25000000005572
611.0,-48.25000000005572
611.00001,
694.99999,
695.0,-48.25000000005572
