Time,Value
0.0,-99.94692737789202
387.24585782641543,-99.94692737789202
392.69029437198054,97.86434363612172
402.4498182823961,97.86434363612105
407.9484436789778,-99.94594626412982
671.266909498912,-99.94594626413065
676.0,18.52029400039828
689.8043966416507,18.52029400039828
691.9446995722957,-48.42499999967186
692.0000000053133,-48.42499999967042
695.0,-49.16428571727845
