Time,Value
0.0,-100.0
282.87759244441713,-100.0
284.87259244436433,-85.03750000060836
285.72119843669503,-85.03750000060833
287.7262235622498,-99.99999999989905
622.977777987838,-99.99999999989927
624.9777779979682,-90.00000002136903
624.9777779981035,-90.00000002136913
626.9999999797969,-99.33970961522982
716.0,-99.33970961522921
