Time,Value
0.0,-100.03315043994648
242.999997530096,-99.933243003692
282.99999999972175,-99.933243003692
283.9999964228637,-91.31690082181784
283.9999993910538,-91.31690082181791
284.9834182428318,-88.05500001015548
285.9949102687882,-88.05500001015545
286.9999999999785,-98.91606999978876
287.5,-98.91606999978843
287.99998743961174,-99.99997277083672
716.0,-99.99997277083669
