Time,Value
0.0,-99.97946010563379
282.8543605379486,-99.97946010563379
284.8417705555017,-88.05500000025427
285.9949102678492,-88.05500000025438
286.99999999997834,-98.91606999954456
287.5,-98.91606999954516
287.99998743961174,-99.99997277083672
716.0,-99.99997277083669
