Time,Value
0.0,-99.99675954929577
353.95914106150656,-99.99675954929577
359.58894967669966,99.65906069766787
444.5788040825844,99.65906069766716
448.0,-98.61607499963431
549.4520889336288,-98.61607499963377
560.5119789610538,-43.334620000086936
560.9825638567572,-43.33462000008648
564.7824886878783,99.99999999990541
600.0,99.99999999990207
