Time,Value
0.0,-100.0
1.4500465563308882,-100.0
54.99999991811923,-100.0
55.0,-99.99999994902011
55.00001,
362.99999,
363.0,91.76427910786217
366.0,93.63211299477985
366.00001,
371.99999,
372.0,97.3677807686152
375.4246394935611,99.50000000079856
375.9999999990917,99.50000000079856
376.0,99.49999999613146
376.00001,
412.99999,
413.0,-90.61628461708892
414.82623739921416,-99.99999999979993
600.0,-99.99999999980007
