Time,Value
0.0,-100.00642628707071
353.99999911882395,-99.98709281156893
353.9999991189027,-99.98709281156893
359.5772988429789,99.65906069766787
444.5788040825837,99.65906069766808
447.9968059782866,-98.43096572672584
556.5366166391577,-98.43096572672516
565.999999999724,99.745752539764
600.0,99.74575253976448
