Time,Value
0.0,-99.92847191011236
354.4343854311211,-99.92847191011236
357.98381258631167,60.945909998334166
357.9999999994494,60.94590999833352
359.9999999996716,99.10078199190866
444.5884370646531,99.10078199190886
448.0,-98.61607499915407
549.4520889337547,-98.61607499915354
560.5119789610296,-43.33462000008649
560.9825638567531,-43.33462000008648
564.7824886878818,99.99999999990177
600.0,99.99999999990207
