Time,Value
0.0,-99.77191011235955
87.85495005450085,-99.77191011235955
89.99950105790731,11.539915998504512
93.37754263510188,11.539915998504231
95.8146927402882,-90.35750049995796
174.96131052224854,-90.35750049995798
177.99999999998417,-60.64536800243378
180.99999999999957,-60.64536800243372
183.76497238772492,74.48571499995342
186.5464985873827,74.48571499995391
188.79365030671613,-44.54912499998681
197.59566057778858,-44.549124999986354
198.96245082056927,-95.1721379985902
207.93934957679974,-95.17213799858969
210.92501915923023,81.99999999996727
213.9999999999958,81.99999999996659
215.9999999999998,-70.70954000019628
247.72419290273686,-70.70954000019773
249.82399542198291,73.44131499980722
252.40637196018184,73.44131499980897
255.6627050278646,-99.97667585856834
353.88532624307595,-99.9766758585683
358.6544255495908,99.63370037034656
411.61825013123365,99.63370037034592
414.95993414538697,-99.25809907786606
554.4496887966359,-99.25809907786736
563.9212120203995,26.999999999765354
600.0,26.999999999766512
