Time,Value
0.0,-100.0
261.2055551390366,-100.0
270.0,-75.3187367092971
270.00001,
330.58896024212237,
332.99999,
333.0,94.72179499993676
333.80059126382486,94.72179499993678
346.82517381266075,-98.97643689653705
432.00074779254265,-98.97643689653691
568.0,-99.01165225426487
