Time,Value
0.0,-99.993
23.99999999989571,-99.993
30.0,90.34955274597964
60.5250030336756,90.34955274597964
65.7268456858631,-99.2457948258625
265.0,-99.24579482586238
265.00001,
296.95810658087214,
311.99999,
312.0,-7.348815159161518
324.0,65.96401357010554
324.00001,
328.19193282383907,
330.99999,
331.0,91.57421799999769
334.91838094747317,91.57421799999766
342.97464640147615,-98.396477031396
568.0,-98.39647703139612
