Time,Value
0.0,-99.97379608208956
266.52182201719916,-99.97379608208956
269.9483170516802,-46.149600000942876
269.99998725999956,-46.14960000094333
270.0,-46.1495708127791
270.00001,
331.4872949562434,
332.99999,
333.0,94.72179499969005
333.80059126383543,94.72179499969006
346.82517381266626,-98.97643689653705
432.00074779254265,-98.97643689653691
568.0,-99.01165225426487
