Time,Value
0.0,-99.99867527173912
182.98118714814441,-99.99867527173912
184.9999999998283,-81.69043500177759
185.9999999998429,-81.6904350017775
188.91035981528358,-99.99960838103287
676.0,-99.99960838103294
