Time,Value
0.0,-100.00378607050531
182.99999213734245,-99.99236545172458
182.9999921376635,-99.99236545172458
184.9999999999593,-81.5755131479002
185.9999999982504,-81.57551314790014
188.92151103243327,-99.99961577856743
676.0,-99.99961577856732
