Time,Value
0.0,-99.94596260726073
301.78372343877436,-99.94596260726073
305.67308504156193,99.16652479162805
352.99141901932853,99.16652479162796
355.8801780508827,33.31310000004396
355.99847567173043,33.31310000004356
357.99847567218256,-83.01357999831453
357.99999769302696,-83.01357999831471
358.99999999993486,-99.5532799990242
547.0,-99.55327999902428
