Time,Value
0.0,-99.94596260726073
301.78372343877436,-99.94596260726073
305.6654136724087,98.773795714249
353.72992446230654,98.7737957142499
358.8940179864952,-99.98039432423138
431.0002312813208,-99.98039432423069
547.0,-100.00967667297628
