Time,Value
0.0,-99.76258773026316
302.1265055033293,-99.76258773026316
304.9999999999987,85.43865833279052
305.00000000000784,85.43865833279139
306.8078905543229,99.18996382791285
352.99039083129645,99.18996382791302
355.88017805081137,33.31310000004487
355.9984756717668,33.313100000043555
357.99847567214624,-83.01357999831453
357.99999769302116,-83.01357999831471
358.99999999993486,-99.55327999882776
547.0,-99.55327999882782
