Time,Value
0.0,-99.94596260726073
301.78372343877436,-99.94596260726073
305.6654136724087,98.773795714249
353.72992446230654,98.7737957142499
358.8943279393629,-99.99232370368372
547.0,-99.99232370368341
