Time,Value
0.0,-99.97459807689329
0.0,
1e-05,
361.99999,
362.0,92.018502978213
363.0,92.54887066068567
363.00001,
368.7084536609925,
369.99999,
369.9999996012955,95.57644999936888
370.0,95.57641841642197
371.0,16.362499998755087
371.0000000000004,16.3624999987566
378.9999999999993,-46.83545372503295
379.0,-46.83545372503295
379.00001,
441.99999,
442.0,-46.83545372503304
448.0,-46.83545372503305
448.0,-46.83545372503305
448.00001,
602.99999,
603.0,-46.83545372503305
