Time,Value
0.0,-99.97459807689329
0.0,
1e-05,
361.99999,
362.0,92.018502978213
363.0,92.54887066068567
363.00001,
368.7084536609925,
368.7084536609927,
369.99999,
370.0,70.53446342606628
376.0,-45.8004406357577
379.0,-45.80044063575771
379.00001,
441.99999,
442.0,-45.80044063575784
445.0000000000063,-45.800440635757845
448.0,-12.92796338968492
448.0,-12.92796338968492
448.00001,
602.99999,
603.0,-12.92796338968492
