Time,Value
0.0,-99.9686779289941
167.58587502934168,-99.9686779289941
168.9999999999235,-82.00000000078262
170.7636461062785,-82.00000000078253
172.8059122632386,-68.00000000024193
183.75638540192423,-68.00000000024193
186.9442747379377,-77.01464332966646
188.5673430176873,-77.01464332966647
190.7610135551699,-99.99999999986879
608.0,-99.99999999986878
