Time,Value
0.0,-99.9248730952381
166.38030203473699,-99.9248730952381
170.9999999999965,-57.50953200003278
176.72336698904252,-57.50953200003281
178.99999999999335,-27.205805000133296
186.99999999996587,-27.20580500013348
189.99999999992542,-95.84613714086935
189.9999999999693,-95.84613714086963
190.88751671842968,-99.40304930614012
608.0,-99.40304930614008
