Time,Value
0.0,-99.9248730952381
166.38030203473699,-99.9248730952381
170.9999999999965,-57.50953200003278
176.72336698904252,-57.50953200003281
178.99999999999335,-27.205805000133296
186.82582494223942,-27.20580500013348
190.59525661359382,-99.75371179228114
401.95628601106085,-99.75371179228115
402.23090512686895,-97.13547666535715
455.0000000020813,-97.13547666535715
608.0,-101.29626612164243
