Time,Value
0.0,-99.97404071005914
167.51812552753128,-99.97404071005914
170.94472799400754,-22.275744117700924
186.99999999972172,-22.275744117701024
190.56420558356004,-99.99886866649875
354.25360345064763,-99.99886866649878
608.0,-100.00056483972138
