Time,Value
0.0,-100.0
166.64611142442132,-100.0
172.86938814622178,-68.0000000005457
183.75638540202516,-68.0000000005456
186.9442747379431,-77.01464332966651
188.5673430176873,-77.01464332966647
190.7610135551699,-99.99999999986879
608.0,-99.99999999986878
