Time,Value
0.0,-99.9248730952381
166.38030203473699,-99.9248730952381
170.9999999999965,-57.50953200003278
176.72336698904252,-57.50953200003281
178.99999999999335,-27.205805000133296
186.82582494223942,-27.20580500013348
190.59525661359382,-99.75371179228114
401.97980996224726,-99.75371179228115
403.919269073552,-80.0323800036522
404.4550759829995,-80.03238000365215
407.8716216941999,-99.32866119377924
608.0,-99.32866119377913
