Time,Value
0.0,-100.0
166.63277952211791,-100.0
172.97480994449336,-25.104147333816627
186.99999999994202,-25.104147333816538
190.5843909662616,-99.99979066977266
608.0,-99.9997906697725
