Time,Value
0.0,
0.0,-100.00000000000004
1e-05,
164.96871735690294,
164.99999,
165.0,30.75619499979365
165.66565318428502,30.75619499979364
174.92128017630097,30.00003159249589
330.5349530912311,30.00003159249589
620.0,29.99997580136911
