Time,Value
0.0,
0.0,-100.00000000000004
1e-05,
164.0452868878436,
164.99999,
165.0,30.02427287288609
344.00000432933103,30.024272872886087
620.0,29.987929402695556
