Time,Value
0.0,-96.55726454545454
53.6419696758806,-96.55726454545454
59.73496540549567,12.333329999990385
63.99999999760278,12.333329999990491
64.0,12.33332999543227
64.00001,
81.99999,
82.0,-21.892941134805888
85.99999999999297,-29.498779163734326
85.99999999999535,-29.498779163734323
90.45018829849488,-99.97604491914468
398.67723783486605,-99.9760449191446
403.0,1.044403999367205
406.3801734533288,1.0444039993670322
412.9642420956569,54.99999999975535
414.9999999983859,54.9999999997554
415.0,55.00000000612199
415.00001,
416.99999,
417.0,62.88858162829283
425.52053046999305,96.49603166665977
430.0,96.49603166665977
430.00001,
486.33844432506953,
489.99999,
490.0,75.39925587431559
506.0,-16.787902438910393
506.00001,
511.57746686615883,
512.99999,
513.0,-48.92357874999515
527.7228241676319,-48.923578749995066
533.8198767984977,16.65851428570204
540.0,16.658514285702072
