Time,Value
0.0,-99.99961084337349
81.87932957080595,-99.99961084337349
83.88389880413145,-86.00000000345119
89.99999999468186,-86.00000000345122
93.99620004776042,-99.37341665945613
94.0,-99.37341665945613
94.00001,
534.99999,
535.0,-99.37341665945614
535.0,-99.37341665945614
535.00001,
539.5909144573891,
539.99999,
540.0,-98.29409600003574
542.8792529020046,-90.69755000382223
542.9999919754731,-90.69755000382231
543.9999919388229,-98.99993307333807
597.0,-98.999933073338
