Time,Value
0.0,-100.00183446643715
81.99996885923106,-99.99626312603998
81.99999999998451,-99.99626312603998
85.87883267060603,-54.744340000859786
86.72070120103515,-54.744340000859744
91.89271978172079,-92.99999999994701
91.8927197867518,-92.999999999947
94.58906401687156,-99.9999999999908
597.0,-99.9999999999908
