Time,Value
0.0,-99.92996994923858
195.64241697145187,-99.92996994923858
207.95462172165227,90.6432255550067
215.99999999998798,90.64322555500654
216.0,90.6432255550012
216.00001,
541.2011418894366,
575.99999,
576.0,-53.94136071428432
588.5689494777375,-53.94136071428432
611.572435396867,95.98429292919764
710.0,95.98429292919829
