Time,Value
0.0,-99.97404071005914
167.51812552753128,-99.97404071005914
170.6572621877364,-28.794038461539454
182.91642977381645,-28.79403846153932
183.99999999999991,3.2518899999977293
185.99999999999926,3.251889999998023
189.99999999996467,-95.34099533243081
189.99999999996467,-95.3409953324307
191.6892271384192,-99.99999999997488
608.0,-99.99999999997492
