Time,Value
0.0,-99.97404071005914
167.51812552753128,-99.97404071005914
170.6572621877364,-28.794038461539454
182.91642977381645,-28.79403846153932
183.99999999999991,3.2518899999977293
185.96896812229176,3.251889999998023
190.5330541101933,-99.99955342101748
608.0,-99.99955342101705
