Time,Value
0.0,-99.94418692307691
167.35798217053159,-99.94418692307691
169.71080814260185,-53.46694500002877
170.97595385950095,-53.46694500002883
172.78988115952114,-29.09330363636764
182.69909015832386,-29.093303636367484
183.77993034196083,-14.133967500022207
186.4939574978535,-14.133967500022035
190.58124546011157,-99.99979066977494
608.0,-99.99979066977517
