Time,Value
0.0,-99.97404071005914
167.51812552753128,-99.97404071005914
170.6572621877364,-28.794038461539454
182.91642977381645,-28.79403846153932
183.99999999999991,3.2518899999977293
185.96896812229176,3.251889999998023
190.53302384157868,-99.99886866657744
354.2536034633287,-99.99886866657715
608.0,-100.0005648396825
