Time,Value
0.0,-100.0
75.0,-100.0
166.64611142442132,-100.0
172.70655194351747,-68.83730142861748
185.53369091947482,-68.83730142861754
191.72052364026996,-99.9999999999467
608.0,-99.99999999994664
