Time,Value
0.0,-100.0
166.63277952211791,-100.0
172.6370161985105,-29.093303636414703
182.69909015831024,-29.09330363641457
183.77993034196442,-14.133967500022207
186.4939574978535,-14.133967500022035
190.58123033358243,-99.99947289136252
355.3853864120645,-99.99947289136269
608.0,-100.0002640446217
