Time,Value
0.0,-99.97404071005914
167.51812552753128,-99.97404071005914
170.94472799400754,-22.275744117700924
186.99999999972172,-22.275744117701024
190.56423698484218,-99.9995534209861
608.0,-99.99955342098593
