Time,Value
0.0,-154.1305806368521
110.99999999981146,48.654636886507575
130.71007458475395,48.654636886507575
152.84992201798045,-92.56131013967773
222.78636585091016,-92.56131013967779
239.83364135752635,91.95264749995522
278.835889829048,91.95264749995519
299.39903962445663,-98.99857142883913
368.9999999931213,-98.99857142883891
411.99999999510686,95.89850853656458
439.3291755561109,95.89850853656462
484.2413325262574,-93.99602649022064
635.0,-93.99602649022057
