Time,Value
0.0,-100.0
176.99998972697,-100.0
177.99999999987048,-96.4250000004364
178.9999999981726,-96.42500000043634
180.72794017951568,-99.98480559318784
474.6734000104795,-99.98480559318787
475.9999928297962,-95.00002694086493
482.8851214361272,-95.00002694086487
484.8851106669368,-99.99999999878423
544.0,-99.99999999878423
