Time,Value
0.0,-100.0
75.0,-100.0
176.99998972697,-100.0
177.99999999987048,-96.4250000004364
178.9999999981726,-96.42500000043634
180.73521795472317,-99.99979885809715
468.8220117876786,-99.99979885809721
474.99999835134025,-98.7597446340455
474.999998364327,-98.7597446340455
475.99999282979815,-95.0000269525608
482.88512144086263,-95.00002695256089
484.8851106668917,-99.99999999878423
544.0,-99.99999999878423
