Time,Value
0.0,-99.94758525527195
474.9997103051922,-99.99219862508215
474.9999998598233,-99.99219862508215
475.9999999998626,-95.10943000041607
476.0,-95.10943000041607
476.00001,
477.99999,
478.0,-95.10943000041613
479.97731785118174,-95.10943000041618
480.0,-94.98484999920026
480.00001,
481.99999,
481.9999951181375,-84.0000268131007
482.0,-84.0000268131007
482.82167001827406,-84.00002681310076
484.82166666650056,-99.99999999854208
544.0,-99.99999999854224
