Time,Value
0.0,-100.0
206.8419815366486,-100.0
212.9999999999654,-86.56546678614734
213.0,-86.56546678614734
213.00001,
216.99999,
217.0,-86.56546678614734
217.0,-86.56546678614734
217.00001,
248.99999,
248.9999999999147,-86.56546678614731
249.0,-86.56546678619343
249.0,-86.56546678619343
249.00001,
271.99992006826204,
271.99999,
272.0,-98.99995678558878
272.0,-98.99995678558878
272.00001,
273.99999,
274.0,-98.99995678558878
608.0,-98.9999567855888
