Time,Value
0.0,-99.98936987804878
162.77136179676648,-99.98936987804878
164.96033279808242,-86.05185222264141
172.99999999993437,-86.05185222264144
174.9999999999294,-99.42962955493999
190.414211053732,-99.42962955494005
192.7734437492993,-84.00000000002366
223.9999965287106,-84.00000000002359
224.6866519083195,-92.7663134042441
270.65095087408884,-92.76631340424395
271.9999999940591,-99.9499999685065
274.00001760208823,-99.94999996850642
608.0,-100.02488791343416
