Time,Value
0.0,-99.99379109324758
309.90290547452264,-99.99379109324758
310.9810052598258,-78.62199375139244
325.6109835849647,-78.62199375139278
328.7589971801571,-89.82014863621045
460.0,-89.8201486362104
