Time,Value
0.0,-99.68452048231512
309.92991203458126,-99.68452048231512
310.9256055363338,-55.476655000125895
311.0000000000035,-55.476655000126236
321.5602870598293,-99.95695057550323
460.0,-99.9569505755032
