Time,Value
0.0,-99.99954919191921
196.29562539219262,-99.99954919191921
309.99999999740874,-98.29054512025188
309.9999999974092,-98.29054512025188
310.92837674479296,-55.476655000156825
311.82634106716114,-55.4766550001575
312.9999988581481,-77.79997828156866
317.9596579555058,-77.79997828156833
320.8173941423604,-99.94877114245584
460.0,-99.94877114245605
