Time,Value
0.0,-99.68452048231512
309.92991203458126,-99.68452048231512
310.9256055363338,-55.476655000125895
311.82634106717154,-55.476655000126236
312.9999988581436,-77.79997828165416
317.95965795549967,-77.79997828165428
320.817394142375,-99.94877114245584
460.0,-99.94877114245605
