Time,Value
0.0,-99.99379109324758
309.90290547452264,-99.99379109324758
310.9810052598258,-78.62199375139244
325.898006430804,-78.62199375139278
327.9999999999727,-88.89128333311669
328.0,-88.89128333311638
371.99999186019164,-89.95498015538946
460.0,-89.95498015538946
