Time,Value
0.0,-99.99379109324758
309.90290547452264,-99.99379109324758
310.99999999939973,-78.24545001187198
316.42544837336425,-78.24545001187225
325.99982220003983,-79.56910196189395
325.9999827262783,-79.56910196189395
326.99998855230615,-83.1080694873517
326.99999805826303,-83.10806948735167
327.99999997911016,-89.34011987045437
328.0022117611329,-89.34011987045471
400.949486788445,-89.99994987745173
417.6572668941338,-89.99994987745173
460.0,-90.00004113456673
