Time,Value
0.0,-99.99379109324758
309.90290547452264,-99.99379109324758
310.9810052598258,-78.62199375139244
325.6109835849647,-78.62199375139278
328.64566603826836,-89.41700562498545
343.00000004408037,-89.41700562498542
460.0,-90.22429879060336
