Time,Value
0.0,-99.99564578767124
582.4925444516829,-99.99564578767124
583.9999999998797,-92.45471999931169
584.00000000207,-92.45471999931226
585.8724318845324,-91.00105001638777
587.999999996823,-91.00105001638771
588.0,-91.00105001817455
588.00001,
603.9999170825372,
603.99999,
604.0,-99.99995336436892
606.0,-99.99995336436888
