Time,Value
0.0,-101.24084639534884
41.26739519610402,-93.99999999824524
60.07870180993765,-93.99999999824524
94.3566873466856,99.96275862140243
122.9999999994045,99.9627586214024
128.6912131863605,27.126307000001358
137.77437571066704,27.126307000001297
142.4586837803384,99.28339385723257
281.1671501567122,99.2833938572326
307.47050965903725,-100.00000000001728
562.0,-100.00000000001741
