Time,Value
0.0,-96.3892890625
62.07289548239112,-96.3892890625
73.64114701533022,5.895362727272412
83.55690850762656,5.8953627272722855
90.50056355567827,99.96662333332891
122.99999999937796,99.96662333332895
128.69111856653336,27.12630700000113
137.77437571066704,27.126307000001297
142.4586837803384,99.28339385723257
281.1671501567122,99.2833938572326
307.47050965903725,-100.00000000001728
562.0,-100.00000000001741
