Time,Value
0.0,-96.5067950819672
59.62716721303907,-96.5067950819672
94.360478438906,99.96275862137549
122.9999999994045,99.96275862137549
128.69121318636027,27.12630700000113
137.77437571066704,27.126307000001297
142.4586837803384,99.28339385723257
281.1671501567122,99.2833938572326
307.47050965903725,-100.00000000001728
562.0,-100.00000000001741
