Time,Value
0.0,
0.0,-0.41422000000000025
1e-05,
111.99999,
112.0,-0.41422000000000025
114.0,-0.41422000000000025
114.00001,
170.99999,
170.99999999999784,-0.41422000000000025
171.0,-0.41421999998944325
191.4710398420714,99.63556662503504
270.715770449713,99.63556662503504
279.3536363826206,-100.00000000023736
562.0,-100.00000000023796
