Time,Value
0.0,
0.0,-100.0
1e-05,
90.19061214724829,
111.99999,
112.0,12.26642333333217
114.0,12.26642333333217
114.00001,
170.99999,
171.0,12.266423333332176
172.0959587603864,12.266423333332176
192.30636984504687,99.65251088630829
270.7150373025039,99.65251088630843
279.35363638262595,-100.0000000002392
562.0,-100.00000000023796
