Time,Value
0.0,-99.99761904761904
61.918185600766066,-99.99761904761904
63.97943689321499,-52.243858000720365
67.99999999982178,-52.24385800072032
68.0,-52.24385800074192
68.00001,
307.99978568317954,
307.99999,
308.0,-81.33330402349031
314.812161858601,-81.33330402349031
316.8157275627588,-99.99986451194582
562.0,-99.99986451194596
