Time,Value
0.0,-101.24084639534884
41.26739519418729,-93.99999999858156
62.343120744573234,-93.99999999858156
73.64114701545495,5.8953627272723
83.55690850762656,5.8953627272722855
90.50056355567827,99.96662333332891
122.99999999937796,99.96662333332895
128.69111856653336,27.12630700000113
137.77437571066704,27.126307000001297
142.4586837803384,99.28339385723257
281.1671501567122,99.2833938572326
307.47050965903725,-100.00000000001728
562.0,-100.00000000001741
