Time,Value
0.0,-101.83632344680842
92.99999999958716,-96.10521868087645
92.99999999958736,-96.10521868087645
96.9253442188623,75.99999999948614
96.92534421886603,75.99999999948572
119.37488986062927,99.75041898556135
187.5841107975828,99.75041898556135
192.77064400345367,-99.999871015797
635.0,-99.99987101579664
