Time,Value
0.0,-99.99499957446808
374.4032601623162,-99.99499957446808
385.9999999999997,5.267629102610954
393.4760715298604,5.267629102610992
396.7928533514376,99.62257599999249
405.7502864477995,99.62257599999157
407.9999999999993,67.55405666617025
415.0,67.55405666617051
415.0,67.55405666617051
415.00001,
595.99999,
596.0,67.55405666617051
