Time,Value
0.0,-99.99499957446808
374.4032601623162,-99.99499957446808
385.9999999999997,5.267629102610954
393.67823664243303,5.267629102610992
395.99003510232217,84.4841774905981
415.0,84.48417749059739
415.0,84.48417749059739
415.00001,
595.99999,
596.0,84.48417749059739
