Time,Value
0.0,
0.0,-100.00192743552998
1e-05,
210.99999,
211.0,83.5803408800655
215.99999999982282,87.9306315982904
215.99999999993844,87.93063159829039
218.99999997319958,96.53832160927423
218.99999999468474,96.53832160927419
219.9999999995456,99.08462000035911
220.00000746809368,99.08462000035911
225.999899578305,99.99854887718479
235.16089560986762,99.99854887718479
548.0,100.00072376457106
