Time,Value
0.0,-94.25
0.0,
1e-05,
17.306628201013098,
17.99999,
18.0,-92.62350889343732
22.0,-83.24042692247069
22.00001,
95.99999,
95.99999999788507,90.3465895354509
95.99999999998761,90.3465895354509
96.0,90.34658953543205
96.0,90.34658953543205
96.00001,
162.99999,
163.0,-11.604169297053332
165.0,-14.64747553085887
165.00001,
170.99999,
171.0,-23.77739423227547
173.00000000001236,-26.820700466099826
548.0,-26.82070046609981
