Time,Value
0.0,
0.0,-100.64208245428058
1e-05,
210.99999,
211.0,86.59071852647618
226.111446160675,100.0000000029363
547.5,100.0000000029363
548.0,100.0000000029363
