Time,Value
0.0,
0.0,-100.00192743552998
1e-05,
210.99999,
211.0,83.5803408800655
215.99999999982282,87.9306315982904
215.99999999995745,87.93063159829039
216.9999874256389,90.33329978777964
216.99999786020638,90.33329978777964
217.99998851982232,93.83025985440656
217.99998852045115,93.83025985440656
219.98056416621878,99.08461995898908
219.980567072226,99.08461995898908
225.99999997220863,99.99743354127807
548.0,99.99743354127807
