Time,Value
0.0,
0.0,-99.9974952919222
1e-05,
111.99999,
112.0,39.31493742424638
113.85214631062608,41.61874999817135
113.99997369108112,41.61874999817135
114.0,41.61871982658632
114.00001,
167.22870081203638,
170.99999,
171.0,-19.424999999996878
171.00000000000082,-19.424999999996878
189.491862446908,99.43503195123208
270.7244472183596,99.43503195123205
279.353636382628,-100.00000000023736
562.0,-100.00000000023796
