Time,Value
0.0,-99.97946010563379
282.9999999947978,-99.97946010563379
283.99999642657707,-91.31690095505884
283.9999993916694,-91.31690095505895
284.98341824349086,-88.05500001015548
285.9949102687882,-88.05500001015545
286.9999999999785,-98.91606999978876
287.5,-98.91606999978843
287.99998743961174,-99.99997277083672
716.0,-99.99997277083669
