Time,Value
0.0,-100.03315043994648
242.999997530096,-99.933243003692
282.8620633882235,-99.933243003692
284.84177055553505,-88.05500000025427
285.9949102678492,-88.05500000025438
286.99999999997834,-98.91606999954456
287.5,-98.91606999954516
287.99998743961174,-99.99997277083672
716.0,-99.99997277083669
