Time,Value
0.0,-93.53385222222221
7.591978775418457,-93.53385222222221
18.396762321702187,98.72023607144207
45.06235190915002,98.72023607144209
50.9999999999935,37.81101238090719
50.99999999999712,37.81101238090724
54.99999999994415,97.15691187218852
203.30005854346373,97.15691187218849
228.8621605941668,70.02525696981448
359.6757489264344,70.02525696981448
361.7060626764765,97.2652963994287
460.9521897662008,97.26529639942876
492.81520492850535,-92.6226103992608
567.0,-92.62261039926058
