Time,Value
0.0,-99.85995375
214.1448486584576,-99.85995375
219.99999999988202,-69.37512000039146
249.80934099819402,-69.37512000039145
253.59185228429251,-99.3334566660835
279.22472477802347,-99.33345666608363
288.81340581457647,61.70650791652861
311.55366361575636,61.70650791652834
319.9999999998545,-99.86990955284546
674.0,-99.86990955284536
