Time,Value
0.0,-99.975
21.484046953819828,-99.975
23.81643631336114,-93.03265472750212
132.93121319977828,-93.03265472750212
135.9999999999493,-65.78557800072463
137.21020431095695,-65.78557800072468
141.83442447610534,-18.02106919811672
353.0,-18.02106919811672
