Time,Value
0.0,-99.975
21.484046953819828,-99.975
23.81643631336114,-93.03265472750212
132.91303152982024,-93.03265472750212
142.51538761398285,-18.002211706161233
353.0,-18.002211706161248
