Time,Value
0.0,-99.975
21.484046953819828,-99.975
23.81643631336114,-93.03265472750212
132.91303152982024,-93.03265472750212
142.5149510985515,-18.005622530120718
224.0000106929149,-18.00562253012076
353.0,-17.997221296728355
