Time,Value
0.0,-100.3966831987386
309.9999999981598,-98.97235776590011
309.99999999816015,-98.97235776590011
310.92942022664937,-55.476655000171384
311.00000000000364,-55.47665500017118
321.560287059837,-99.95695057550323
460.0,-99.9569505755032
