Time,Value
0.0,-100.3966831987386
309.9999999981598,-98.97235776590011
309.99999999816015,-98.97235776590011
310.92942022664937,-55.476655000171384
311.82634106715403,-55.47665500017118
312.99999999997544,-77.79999999935808
318.57591337180696,-77.79999999935765
319.99999999997965,-98.40538000001835
320.00000004425135,-98.40538000001808
330.87676466817163,-99.99900745044563
460.0,-99.99900745044563
