Time,Value
0.0,-99.99379109324758
309.90290547452264,-99.99379109324758
310.9810052598258,-78.62199375139244
325.898006430804,-78.62199375139278
327.9999999999727,-88.89128333311669
327.9999999999804,-88.89128333311638
329.8399901788172,-89.40343723992424
339.000003515757,-89.40343723992424
398.95556037874513,-89.99956210762113
460.0,-89.99956210762113
