Time,Value
0.0,-99.98936987804878
162.77136179676648,-99.98936987804878
164.96033279808242,-86.05185222264141
172.99999999993437,-86.05185222264144
174.9999999999294,-99.42962955493999
190.414211053732,-99.42962955494005
192.77344374927443,-84.00000000018645
202.34914783116662,-84.00000000018636
289.17496983437,-100.00000000088974
607.5,-100.00000000088974
608.0,-100.00000000088974
