Time,Value
0.0,-100.0
206.99997251593413,-100.0
207.40409343263562,-98.79835119184395
213.0,-98.79835119184395
213.00001,
216.99999,
217.0,-98.79835119184395
217.0,-98.79835119184395
217.00001,
248.99999,
249.0,-98.79835119184395
249.0,-98.79835119184395
249.00001,
271.99999,
272.0,-98.79835119184395
272.0,-98.79835119184395
272.00001,
273.99999,
274.0,-98.79835119184395
608.0,-98.7983511918439
