Time,Value
0.0,-99.916334805579
0.0,
1e-05,
28.99999,
29.0,-92.27006304311074
29.0,-92.27006304311074
29.00001,
35.86909340100678,
37.99999,
38.0,-90.45892666704607
39.0,-90.45892666704607
39.00001,
360.99999,
361.0,-90.45892666704607
361.0,-90.45892666704607
361.00001,
362.99999,
363.0,-90.45892666704607
364.0,-90.45892666704607
364.00001,
368.0140872037251,
368.99999,
369.0,-94.69916999955109
369.99998906057124,-98.99995295184273
369.9999947263804,-98.99995295184273
605.0,-99.00002340520143
