Time,Value
0.0,-99.96309523809524
103.08160089532227,-99.96309523809524
107.58219284004622,-75.99744312529742
138.99078076904073,-75.99744312529744
139.99999999988873,-67.32059000095046
199.14299177814684,-67.32059000095038
200.99999839169286,-97.99997343083078
212.51505322151218,-97.99997343083089
706.0,-98.00003374057668
