Time,Value
0.0,-100.0
99.56478851169882,-100.0
149.27308506357463,-31.11924720896178
191.89604732613356,-31.1192472089618
199.952802737838,-97.99999999980878
706.0,-97.99999999980882
