Time,Value
0.0,-100.0
75.0,-100.0
102.99999999991631,-100.0
105.96382069207,-84.9881000037451
105.99999602579702,-84.98810000374507
106.99999999842001,-76.00000001418312
138.99048337126763,-76.0000000141832
139.99999999899597,-67.32059000861773
140.5,-67.32059000861776
140.9848002533964,-67.00974577378928
198.9593462781886,-67.00974577378926
199.99999673207014,-81.47907456220491
199.9999993493536,-81.4790745622051
200.99999771021035,-97.99996217118223
706.0,-97.99996217118209
