Time,Value
0.0,-99.89030245454545
108.40014696763741,-99.89030245454545
109.999998861292,-68.00002269814195
114.96619576349109,-68.00002269814212
116.98931833310034,-61.93065500286377
131.89483068535762,-61.93065500286379
132.99999863498655,-51.00001350058869
136.99997813034065,-51.00001350058881
139.66407444710637,-14.047762407416258
192.4512548298818,-14.04776240741629
199.52007715328838,-99.99999999995225
298.977582806958,-99.99999999995204
300.969269996207,-81.07897170277784
346.4807953656939,-81.07897170277785
347.99999999905896,-91.70832999365166
365.69874916548827,-91.70832999365187
367.77110862765,-99.99776784473102
598.981306866331,-99.997767844731
599.8522481525083,-75.97388888891146
607.9999999998217,-75.97388888891193
610.8448712882882,-99.9060285713449
637.5649914539658,-99.90602857134458
640.6619283353045,-75.94838500001333
665.828362029099,-75.94838500001292
666.9999959109862,-67.00003123044735
706.0,-67.00003123044691
