Time,Value
0.0,-99.96309523809524
103.21756588698236,-99.96309523809524
105.90682326311334,-84.98810000009792
105.99999361574625,-84.98810000009786
106.99999999842002,-76.00000001415106
138.99048337127107,-76.0000000141511
139.9999999995892,-67.32059000352069
198.9999999994787,-67.32059000352079
200.9999999999072,-97.52752999632276
201.5,-97.52752999632256
201.9999656625748,-97.99996755319319
706.0,-97.9999675531932
