Time,Value
0.0,-100.0
75.0,-100.0
104.79999423198663,-100.0
107.9999999901333,-65.71427110573836
181.40936312160775,-65.71427110573828
186.5771897770926,-99.99999999998045
706.0,-99.99999999998036
