Time,Value
0.0,-99.87983841121495
105.2569944653382,-99.87983841121495
106.9999976591458,-70.00004012807926
130.97801613646484,-70.00004012807916
132.9780276220049,-63.000000000870045
176.93949523776186,-63.000000000870095
178.94711409509893,-70.02666599917097
182.99410713705623,-70.02666599917103
183.99999999995768,-88.2338699992506
184.00000000003476,-88.23386999925052
186.96856552984974,-99.99999999987722
706.0,-99.99999999987726
