Time,Value
0.0,-100.0
101.41530162049142,-100.0
111.99999999984055,-70.03923181868299
199.3075497081558,-70.03923181868298
200.99999839170675,-97.99997343060113
212.51505314346517,-97.99997343060124
706.0,-98.00003374067029
