Time,Value
0.0,-99.49340264705882
32.39824824573255,-99.49340264705882
39.99999999999936,-54.56883166697986
40.0,-54.56883166697984
46.93411725148493,-99.28843937344547
157.416755569395,-99.28843937344547
158.99999999997317,-73.2320200005156
160.21859225065637,-73.23202000051545
164.96764314013978,-99.22291540458866
200.73368110759756,-99.22291540458865
201.9999999988141,-84.77000001336046
207.6774232778524,-84.77000001336026
208.9999943090038,-99.99993446607368
283.9577127832126,-99.99993446607373
296.9880486209983,-45.87554470773625
312.77923059065967,-45.87554470773619
314.89002081950025,-22.05000000001246
315.95678546761184,-22.050000000012258
317.9999999999856,-38.330803333187305
326.23109199663367,-38.33080333318729
336.00000000000244,-20.215769271843897
336.55010322009764,-20.215769271843868
341.76218654220617,-99.96783230747042
353.46186045240955,-99.96783230747067
357.9999999993222,-52.84941400687285
359.86069041964805,-52.849414006872664
362.7375345276729,-98.88888799986853
376.4932866279734,-98.88888799986837
379.77136563800644,-57.54724377360253
431.54462245167207,-57.547243773602624
433.7704785051033,2.0879249999998137
434.81273015318345,2.0879249999999914
436.9999999999991,-48.345191667689505
437.0000000006356,-48.34519166768945
444.44465037000975,-81.12311250001335
451.65995580456286,-81.12311250001325
453.99999999999943,-36.85889499984296
454.9999999999999,-36.85889499984288
457.0,-87.30113300017001
469.85590449515854,-87.30113300017001
471.9999999999992,-39.11447333353317
471.9999999999992,-39.114473333533155
472.99999983705817,37.32815754329931
472.99999983705953,37.32815754330186
475.6380849581682,89.57053333332806
477.64528043537484,89.57053333332755
481.9999999999981,-59.43286799935231
482.0000000000006,-59.432867999352176
487.7528375476317,-99.91712783624462
523.8761347166799,-99.9171278362444
524.9999999999993,-74.66256000015892
525.9999999999986,-74.66256000015802
526.9999999999972,-99.46111000090968
564.7760831435992,-99.46111000090701
567.6143695170276,-76.06061106691959
641.5857518412344,-76.06061106691938
644.9999999979979,-96.58812598799341
672.2096824531354,-96.58812598799408
674.8435117841833,-61.44819400000961
683.6072031080499,-61.44819400000986
685.8900937393579,-93.99999999925058
702.0,-93.99999999925149
