Time,Value
0.0,-99.87616785046728
105.36113673142894,-99.87616785046728
110.0,4.960587999973541
134.633537297521,4.960587999973714
136.96932521788474,26.98650749995068
159.981155358389,26.986507499950577
162.99999999999997,-1.718212999752723
182.61750637961217,-1.7182129997527789
199.71400669329967,-99.99999999969305
285.92548945457384,-99.99999999969299
706.0,-99.9054139552496
