Time,Value
0.0,-99.55996916666666
106.33826254521723,-99.55996916666666
109.84569771813044,40.5759308823508
142.99999999999952,40.575930882350704
144.99691166335444,58.99999996036763
172.77134410232517,58.999999960367695
188.57557363104883,-2.0
191.85644777082507,-1.9999999999999925
199.43608598555718,-100.00000000016279
298.98366596465075,-100.00000000016291
300.999815331754,-76.05822626948294
315.96667240143194,-76.05822626948279
316.81153301543253,-91.8613693999605
365.966454322496,-91.86136939996089
368.38099390159186,-100.00000000002363
705.5,-100.00000000002369
706.0,-100.00000000002369
