Time,Value
0.0,-100.0
75.0,-100.0
102.99999999991631,-100.0
105.96382069206999,-84.9881000037451
105.99999602579702,-84.98810000374506
106.99999999842,-76.00000001418312
138.99048337126763,-76.0000000141832
139.99999999899595,-67.32059000861773
140.5,-67.32059000861776
140.98480025339643,-67.00974577378928
198.9593462781886,-67.00974577378925
199.99999673207012,-81.4790745622049
199.9999993493536,-81.4790745622051
200.99999771021038,-97.99996217118223
706.0,-97.99996217118208
