Time,Value
0.0,-100.0
99.56478851169882,-100.0
149.27308506357463,-31.11924720896178
191.89604732613358,-31.119247208961802
199.95280273783797,-97.9999999998088
706.0,-97.99999999980881
