Time,Value
0.0,-99.96309523809522
103.21756588698237,-99.96309523809522
105.90682326311335,-84.98810000009793
105.99999361574623,-84.98810000009786
106.99999999842001,-76.00000001415106
138.99048337127107,-76.0000000141511
139.99999999899595,-67.32059000862091
140.5,-67.32059000862094
140.98480025339657,-67.00974577378925
198.9915117443277,-67.00974577378925
200.9999999998651,-97.563873325415
201.5,-97.56387332541522
201.9999649639746,-97.99996943970957
706.0,-97.99996943970957
