Time,Value
0.0,-99.8874653968254
61.97363190983766,-99.8874653968254
81.84537294164498,99.64009022218386
125.27299804190315,99.64009022218387
145.0,-99.32216928624416
201.17781673531175,-99.32216928624416
220.73021512387868,99.81221421047121
238.9162290494984,99.8122142104714
244.99999999999835,-53.15261892825856
267.894909952458,-53.15261892825896
271.6575178245435,99.69966485710393
305.8308595506952,99.69966485710363
352.4106312451123,-100.00000000002638
642.0,-100.00000000002632
