Time,Value
0.0,
0.0,12.925001666666667
1e-05,
365.99999,
366.0,12.925001666666667
369.5838384292196,12.925001666666667
372.999999995188,-92.97054784979264
674.0,-92.97054784979288
