Time,Value
0.0,
0.0,-95.5375
1e-05,
442.99999,
443.0,-95.5375
448.9374999998767,-95.5375
449.99998538784257,-99.99993862888368
674.0,-99.99993862888357
