Time,Value
0.0,-100.10991653323929
104.99981847956535,-99.76807160490135
214.16249624900303,-99.76807160490135
219.99999999988202,-69.37512000047764
249.80934099820718,-69.37512000047762
253.5918522842908,-99.3334566660835
279.7551760568776,-99.33345666608363
286.9999999999401,45.78866999871116
296.63976276789083,45.78866999871129
297.36584328098047,71.84200714294275
310.511713587439,71.84200714294295
320.42190458737963,-99.97665096052788
674.0,-99.97665096052809
