Time,Value
0.0,-100.0
176.8274504578738,-100.0
178.8274504588129,-92.02714000083073
178.82745046153866,-92.02714000083068
180.6835534610611,-99.99999999994644
474.9999999442202,-99.99999999994644
476.0,-98.13980253585927
476.00001,
477.99999,
478.0,-94.4194078152079
480.0,-90.69901309455652
480.00001,
481.99999,
482.0,-86.97861837390515
482.9999999993324,-85.11842101482138
482.99999999974665,-85.11842101482141
484.8181642804637,-99.99999999855845
544.0,-99.99999999855848
