Time,Value
0.0,-99.98782534412956
245.6669618626373,-99.98782534412956
246.99999999989728,-88.00000000088177
252.7738448374514,-88.00000000088184
254.89773864298854,-76.0000000000673
254.99999699623245,-76.00000000006736
255.99999999999383,-88.31041999983972
256.4932167141721,-88.31041999983992
257.9999883885197,-93.33389128815465
257.9999980309653,-93.33389128815467
258.99999459127565,-99.99996394538357
340.9458083014468,-99.99996394538357
342.9458051591293,-77.05495000075915
342.94647115524026,-77.05495000075915
345.9999999996888,-84.12855249025073
345.99999999992644,-84.1285524902508
346.99999999998266,-98.67857000004824
347.0000006359681,-98.67857000004864
361.7660220566401,-99.99249996757355
410.58000005314796,-99.99249996757355
411.9999259583362,-98.7500647816898
417.99999999653085,-98.7500647816898
421.99999999996663,-84.41731174372876
421.9999999999919,-84.41731174372866
423.9619114417309,-99.99631088620528
524.0,-99.99631088620512
