Time,Value
0.0,-99.98744939271255
245.65309557386917,-99.98744939271255
246.97507174954083,-88.22186142906139
259.79631416418493,-88.22186142906133
261.9999999999993,-99.6233683334492
301.022065318763,-99.62336833344912
410.99999939040435,-98.289768325953
410.99999993053086,-98.289768325953
524.0,-100.73561494764529
