Time,Value
0.0,-99.98744939271255
245.65309557386917,-99.98744939271255
246.97507174954083,-88.22186142906139
259.79631416418493,-88.22186142906133
261.90682039268773,-99.14127241993674
417.2518048582062,-99.14127241993685
420.93869493186895,-89.77506000826565
421.9333216357624,-89.77506000826565
424.59563934535936,-99.99999999992588
524.0,-99.9999999999258
