Time,Value
0.0,-99.75863230769232
11.692239671514134,-99.75863230769232
13.999999999975953,-40.87740833392564
15.726962639345887,-40.87740833392566
17.99970010874339,55.928639624199256
203.96322613554366,55.92863962419925
205.99999999999858,-39.74358833324732
206.00000000001003,-39.74358833324697
221.7358903475981,-47.67385138459879
415.3105117556863,-47.67385138459879
418.8351338544135,99.96162790695963
590.0,99.96162790695887
