Time,Value
0.0,-99.99102583333332
10.833662655261291,-99.99102583333332
13.73078409550694,-97.00000000017208
19.5,-97.00000000017208
590.0,-97.00000000017208
