Time,Value
0.0,-99.79262846153844
11.694709382528643,-99.79262846153844
13.878176189114821,-43.096128908306696
241.00000043313798,-43.096128908306675
590.0,-42.95214183070536
