Time,Value
0.0,-99.79262846153844
11.94114709707244,-99.79262846153844
12.999999999999387,-55.02149000002464
13.000000000005329,-55.021490000024656
15.846325036776571,-43.03027027831249
590.0,-43.03027027831247
