Time,Value
0.0,43.894708682926826
203.99999999999758,43.894708682926826
206.77180113466503,-47.50079732056565
414.86531781712335,-47.50079732056543
419.39576050879816,99.96972169591028
590.0,99.96972169591038
