Time,Value
0.0,-99.79262846153844
11.94114709707244,-99.79262846153844
12.999999999999387,-55.02149000002464
13.5,-55.021490000024656
13.999999999816707,-45.371620003537544
14.000000529037713,-45.37162000353753
31.617665561051968,-43.00000000007322
590.0,-43.00000000007322
