Time,Value
0.0,-99.99102583333332
10.99999954082686,-99.99102583333332
12.999999993221099,-97.38659496165803
13.5,-97.38659496165803
13.999968393359639,-97.00002443793585
590.0,-97.00002443793585
