Time,Value
0.0,-99.99102583333332
10.833662655261291,-99.99102583333332
13.730784094863534,-97.00000000083634
590.0,-97.00000000083634
