Time,Value
0.0,-100.0
261.2055551390366,-100.0
270.0,-75.3187367092971
270.00001,
330.58896024212237,
332.99999,
333.0,94.72179499993676
333.80059126382486,94.72179499993678
346.8261373120121,-98.99076581034932
568.0,-98.99076581034934
