Time,Value
0.0,-99.8199972636816
199.1699938992494,-99.8199972636816
201.9690724647948,22.718609999843466
201.9999167323585,22.71860999984435
202.0,22.718645235710188
202.00001,
313.9999513150421,
313.99995131505335,
313.99999,
314.0,70.11096052684776
316.99999999999244,-54.909496939495504
317.0,-54.909496939495504
317.00001,
586.99999,
587.0,-54.909496939495384
587.6185300240999,-54.909496939495384
590.8667422930239,98.9403361344157
709.0,98.94033613441476
