Time,Value
0.0,-100.0004483751542
218.99995825219682,-99.99909707964883
218.9999582525253,-99.99909707964883
225.0,-67.00485794716694
225.00001,
227.99999,
228.0,-50.50785316564099
228.99999999976123,-45.008851573112004
230.0,-45.008851573112004
230.00001,
231.99999,
232.0,-45.008851573112004
234.38981071099397,-45.008851573112004
235.0,-45.57759929911092
235.00001,
288.99999,
289.0,-95.91013996689404
292.31500138193337,-99.00000000152215
533.0,-99.00000000152215
