Time,Value
0.0,-100.0
218.3472199265933,-100.0
223.8748073018687,-74.84000000010076
226.71223413130681,-74.84000000010079
228.98159297072758,-20.682625000005828
233.88031479116313,-20.682625000006148
236.97446003065502,-90.35827999981302
236.99999301770333,-90.3582799998127
237.99828189628448,-99.98343464062192
283.9519563094824,-99.98343464062172
284.999999999977,-83.36077000010027
289.860903601083,-83.36077000010013
290.9999999990438,-99.84713998600364
533.0,-99.84713998600351
