Time,Value
0.0,-92.99739390980879
0.0,
1e-05,
225.99999,
226.0,-96.59033873827411
226.0,-96.59033873827411
226.00001,
227.99999,
228.0,-96.62213471020743
228.0,-96.62213471020743
228.00001,
242.99999,
243.0,-96.86060449970734
243.0,-96.86060449970734
243.00001,
245.99999,
246.0,-96.90829845760732
314.6691725523725,-97.99999999918714
533.0,-97.99999999918714
