Time,Value
0.0,-100.0
72.95367695453564,-100.0
74.95367695527969,-84.94198000124038
74.99999671711143,-84.94198000124041
75.9999999996339,-98.99883999485577
76.00000000057018,-98.99883999485569
91.0,-100.43915730087738
