Time,Value
0.0,-99.81660285714285
5.809282703566352,-99.81660285714285
14.762872010437073,-84.00000000464678
28.895132380237268,-84.00000000464678
30.895132380940623,-70.00000000012363
34.844053035569104,-70.00000000012365
37.61382855263964,-76.99783783763209
73.99150241719893,-76.99783783763209
74.96703729930208,-68.06193833770203
79.75941730874256,-68.06193833770203
80.99999999999692,-86.62999999994419
81.00000000002264,-86.6299999999443
91.0,-90.01571428579966
